{
  "prefix": "&",
  "status": "dnd",
  "nitrosniper": true,
  "nitrourl": "",
  "langue": "fr",
  "time": 60000,
  "noaddgrp": false,
  "noaddgrptext": "",
  "voiceconnect": "",
  "voicemute": false,
  "voicedeaf": false,
  "voicewebcam": true,
  "voicestream": false,
  "twitch": "https://twitch.tv/nebula",
  "rpconoff": true,
  "rpctitle": "Best Selfbot",
  "rpcdetails": "✯",
  "rpcstate": "",
  "rpctype": "COMPETING",
  "rpclargeimage": "https://cdn.discordapp.com/attachments/1258740023100964866/1278643101543694386/818f9f9c4e3c93b6bec500c23ba7e806.jpg?ex=66d18caf&is=66d03b2f&hm=d511ff1d1dad7d829f415a9a5d8633e5e84375ffb8860f6637b8415d44783627&",
  "rpclargeimagetext": "",
  "rpcsmallimage": "",
  "rpcsmallimagetext": "",
  "appid": "1271866051461644348",
  "buttontext1": "Nebula SB",
  "buttonlink1": "https://discord.gg/wkFrF7bNnC",
  "buttontext2": "",
  "buttonlink2": "",
  "spotifyonoff": "off",
  "spotifylargeimage": "",
  "spotifysmallimage": "",
  "spotifystates": "",
  "spotifyalbum": "",
  "spotifydetails": "",
  "spotifyendtimestamp": null,
  "rainbowrole": [],
  "rpctime": null,
  "rpcminparty": 0,
  "rpcmaxparty": 0,
  "webhooklogs": null,
  "aboutme": null,
  "hype": null,
  "rpctextstatus": null,
  "rpcemoji": null
}
